b'win',b'lose',b'probability'
Cleveland Cavaliers,New York Knicks,0.919158853631
Golden State Warriors,San Antonio Spurs,0.658225680301
Portland Trail Blazers,Utah Jazz,0.596075438269
Boston Celtics,Brooklyn Nets,0.90170155571
Indiana Pacers,Dallas Mavericks,0.656202958045
Houston Rockets,Los Angeles Lakers,0.772977552161
Memphis Grizzlies,Minnesota Timberwolves,0.629258096518
Charlotte Hornets,Milwaukee Bucks,0.707931598776
New Orleans Pelicans,Denver Nuggets,0.525740109867
Miami Heat,Orlando Magic,0.622119384087
Oklahoma City Thunder,Philadelphia 76ers,0.94694683446
Sacramento Kings,Phoenix Suns,0.576372644069
Toronto Raptors,Detroit Pistons,0.756625644896
Atlanta Hawks,Washington Wizards,0.693188001609
Boston Celtics,Chicago Bulls,0.52719675363
Los Angeles Clippers,Portland Trail Blazers,0.554004304537
San Antonio Spurs,Sacramento Kings,0.851714112848
Indiana Pacers,Brooklyn Nets,0.803034674948
Dallas Mavericks,Houston Rockets,0.579571899689
Detroit Pistons,Orlando Magic,0.694642017326
Miami Heat,Charlotte Hornets,0.590303904585
Golden State Warriors,New Orleans Pelicans,0.905115113102
Oklahoma City Thunder,Phoenix Suns,0.936202219843
Cleveland Cavaliers,Toronto Raptors,0.517964661931
Utah Jazz,Los Angeles Lakers,0.878606959599
Chicago Bulls,Indiana Pacers,0.514289655093
Charlotte Hornets,Boston Celtics,0.585377578142
Cleveland Cavaliers,Orlando Magic,0.891531779667
Portland Trail Blazers,Denver Nuggets,0.768343971333
Milwaukee Bucks,Brooklyn Nets,0.726371031195
New York Knicks,Memphis Grizzlies,0.519812129983
Atlanta Hawks,Philadelphia 76ers,0.89720923219
Sacramento Kings,Minnesota Timberwolves,0.596715523874
San Antonio Spurs,New Orleans Pelicans,0.935895357343
Detroit Pistons,Milwaukee Bucks,0.748681938569
Houston Rockets,Dallas Mavericks,0.609371658309
Los Angeles Clippers,Utah Jazz,0.734050519127
Washington Wizards,Memphis Grizzlies,0.511028189168
San Antonio Spurs,Miami Heat,0.674349261739
Oklahoma City Thunder,Los Angeles Lakers,0.956308843425
Golden State Warriors,Phoenix Suns,0.933842479776
Atlanta Hawks,Sacramento Kings,0.791672703581
Chicago Bulls,Brooklyn Nets,0.721036395353
Los Angeles Clippers,Phoenix Suns,0.901942839634
Toronto Raptors,Denver Nuggets,0.856029379305
Cleveland Cavaliers,Houston Rockets,0.835205448299
Detroit Pistons,New York Knicks,0.758852905964
Indiana Pacers,Los Angeles Lakers,0.897528442469
Miami Heat,Sacramento Kings,0.795564716333
Minnesota Timberwolves,Memphis Grizzlies,0.503437880747
New Orleans Pelicans,Milwaukee Bucks,0.560082788145
Orlando Magic,Philadelphia 76ers,0.781362944302
Golden State Warriors,Portland Trail Blazers,0.799214872213
San Antonio Spurs,Utah Jazz,0.867335511877
Atlanta Hawks,Los Angeles Lakers,0.914491585458
Boston Celtics,Chicago Bulls,0.729005202635
Detroit Pistons,Brooklyn Nets,0.772121617686
Charlotte Hornets,Philadelphia 76ers,0.941873441391
Oklahoma City Thunder,Los Angeles Clippers,0.534040067832
Memphis Grizzlies,New Orleans Pelicans,0.670489673065
Houston Rockets,New York Knicks,0.590576126219
Portland Trail Blazers,Phoenix Suns,0.846981947495
Utah Jazz,Dallas Mavericks,0.611984864936
Toronto Raptors,Washington Wizards,0.625752115573
Cleveland Cavaliers,Boston Celtics,0.775247739801
Golden State Warriors,Oklahoma City Thunder,0.735292431711
Indiana Pacers,Milwaukee Bucks,0.669553912907
Minnesota Timberwolves,Denver Nuggets,0.545587149156
Orlando Magic,Sacramento Kings,0.610846316638
Charlotte Hornets,Brooklyn Nets,0.829849564977
Chicago Bulls,New York Knicks,0.747230270411
Portland Trail Blazers,Dallas Mavericks,0.619292184724
Golden State Warriors,Los Angeles Lakers,0.951149566913
Los Angeles Clippers,Memphis Grizzlies,0.667962905276
New Orleans Pelicans,Phoenix Suns,0.672357035601
Toronto Raptors,Miami Heat,0.69300174308
San Antonio Spurs,Utah Jazz,0.758071440648
Atlanta Hawks,Washington Wizards,0.536960529632
Atlanta Hawks,Houston Rockets,0.676859313045
Detroit Pistons,Denver Nuggets,0.721747909087
Indiana Pacers,Chicago Bulls,0.684972342764
Milwaukee Bucks,Sacramento Kings,0.527028486393
Oklahoma City Thunder,Minnesota Timberwolves,0.891330397568
Washington Wizards,Orlando Magic,0.517268263479
Cleveland Cavaliers,Philadelphia 76ers,0.952437286045
San Antonio Spurs,Los Angeles Clippers,0.781016574862
Boston Celtics,Denver Nuggets,0.796941504343
Dallas Mavericks,Milwaukee Bucks,0.745395771983
Los Angeles Lakers,Phoenix Suns,0.501338652574
Portland Trail Blazers,Memphis Grizzlies,0.716541731711
Utah Jazz,New York Knicks,0.584074142978
Toronto Raptors,Sacramento Kings,0.853661860722
Chicago Bulls,Orlando Magic,0.681224636276
Charlotte Hornets,Indiana Pacers,0.625030902251
Golden State Warriors,New Orleans Pelicans,0.95150893797
Los Angeles Clippers,Detroit Pistons,0.722071334011
Oklahoma City Thunder,Miami Heat,0.750596215529
Utah Jazz,Philadelphia 76ers,0.849451519823
Washington Wizards,Houston Rockets,0.564967853707
Minnesota Timberwolves,Brooklyn Nets,0.631300241186
Cleveland Cavaliers,Atlanta Hawks,0.770920647807
Dallas Mavericks,Los Angeles Lakers,0.753703725685
Memphis Grizzlies,Denver Nuggets,0.621267577812
Portland Trail Blazers,Phoenix Suns,0.831019254263
Sacramento Kings,New Orleans Pelicans,0.639492822085
Atlanta Hawks,Chicago Bulls,0.726395692489
Charlotte Hornets,Utah Jazz,0.680595474317
Golden State Warriors,Dallas Mavericks,0.904925822894
Indiana Pacers,Philadelphia 76ers,0.930555049852
Los Angeles Clippers,Portland Trail Blazers,0.54509800281
New York Knicks,Brooklyn Nets,0.749769420053
Oklahoma City Thunder,Toronto Raptors,0.663777202811
Orlando Magic,Minnesota Timberwolves,0.623411734547
Detroit Pistons,Phoenix Suns,0.718543354463
San Antonio Spurs,Houston Rockets,0.86421818182
Boston Celtics,Washington Wizards,0.530822210249
Golden State Warriors,Denver Nuggets,0.894270996144
Miami Heat,Chicago Bulls,0.731092990494
Milwaukee Bucks,New Orleans Pelicans,0.584862833462
Sacramento Kings,Los Angeles Lakers,0.797917699915
Boston Celtics,New York Knicks,0.826430773274
Toronto Raptors,Charlotte Hornets,0.511423457487
Oklahoma City Thunder,Los Angeles Clippers,0.706071872432
Utah Jazz,Orlando Magic,0.529456927272
Indiana Pacers,Philadelphia 76ers,0.878238923372
Portland Trail Blazers,Sacramento Kings,0.722716078404
San Antonio Spurs,Detroit Pistons,0.860216650185
Cleveland Cavaliers,Washington Wizards,0.726809264841
Atlanta Hawks,Philadelphia 76ers,0.942401822656
Chicago Bulls,Washington Wizards,0.587003145004
Detroit Pistons,Denver Nuggets,0.604704905777
San Antonio Spurs,Houston Rockets,0.760081535916
Indiana Pacers,Boston Celtics,0.538644632846
Miami Heat,Utah Jazz,0.687823892184
Memphis Grizzlies,Milwaukee Bucks,0.510449724642
Los Angeles Clippers,Minnesota Timberwolves,0.733227828859
New Orleans Pelicans,Los Angeles Lakers,0.753745107635
Phoenix Suns,Brooklyn Nets,0.636491465787
Toronto Raptors,New York Knicks,0.878248541307
Cleveland Cavaliers,Charlotte Hornets,0.772953019722
Golden State Warriors,Phoenix Suns,0.966978403562
Minnesota Timberwolves,Los Angeles Lakers,0.768256405548
Oklahoma City Thunder,Orlando Magic,0.874249173053
Portland Trail Blazers,Denver Nuggets,0.726523417008
Oklahoma City Thunder,Detroit Pistons,0.687059948094
Houston Rockets,Philadelphia 76ers,0.916330303092
Indiana Pacers,Orlando Magic,0.735592997105
Los Angeles Clippers,Brooklyn Nets,0.920720381335
Boston Celtics,New Orleans Pelicans,0.710226631816
Dallas Mavericks,New York Knicks,0.564540573399
San Antonio Spurs,Miami Heat,0.817128583807
Utah Jazz,Memphis Grizzlies,0.688810440649
Cleveland Cavaliers,Toronto Raptors,0.70006204649
Los Angeles Lakers,Brooklyn Nets,0.559351201444
Miami Heat,Atlanta Hawks,0.587509082369
Charlotte Hornets,Minnesota Timberwolves,0.696313215642
Portland Trail Blazers,Chicago Bulls,0.645507302025
Atlanta Hawks,Milwaukee Bucks,0.816462866666
Boston Celtics,Dallas Mavericks,0.702510592295
Denver Nuggets,Phoenix Suns,0.698282605156
Cleveland Cavaliers,Indiana Pacers,0.668223481624
Los Angeles Clippers,Memphis Grizzlies,0.807536609524
Detroit Pistons,New York Knicks,0.598695576452
Oklahoma City Thunder,Houston Rockets,0.810852246177
Orlando Magic,New Orleans Pelicans,0.664947305644
Washington Wizards,Philadelphia 76ers,0.843095372405
San Antonio Spurs,Sacramento Kings,0.851714112848
Golden State Warriors,Toronto Raptors,0.640089769587
Portland Trail Blazers,Houston Rockets,0.615295324813
Miami Heat,Milwaukee Bucks,0.819997047732
Minnesota Timberwolves,Philadelphia 76ers,0.835301927873
Utah Jazz,Chicago Bulls,0.642438241506
Washington Wizards,New York Knicks,0.744472068768
Golden State Warriors,Boston Celtics,0.729317386814
Charlotte Hornets,Atlanta Hawks,0.579378321949
Cleveland Cavaliers,Detroit Pistons,0.830516580943
Dallas Mavericks,Memphis Grizzlies,0.682796608677
Toronto Raptors,Denver Nuggets,0.762567467519
Indiana Pacers,Phoenix Suns,0.854487196328
San Antonio Spurs,Los Angeles Lakers,0.937979466211
Portland Trail Blazers,New Orleans Pelicans,0.78905722597
Oklahoma City Thunder,Brooklyn Nets,0.948791709188
Los Angeles Clippers,Sacramento Kings,0.697669145439
Boston Celtics,Detroit Pistons,0.511594949247
Houston Rockets,Utah Jazz,0.590192567323
Los Angeles Clippers,Chicago Bulls,0.773026692704
Memphis Grizzlies,Minnesota Timberwolves,0.629258096518
Golden State Warriors,Milwaukee Bucks,0.903012084995
Charlotte Hornets,New Orleans Pelicans,0.712919856938
Dallas Mavericks,Orlando Magic,0.509512358959
Phoenix Suns,Philadelphia 76ers,0.628684310836
Miami Heat,Washington Wizards,0.523087029343
Portland Trail Blazers,Brooklyn Nets,0.88018738625
Utah Jazz,Denver Nuggets,0.590152535807
Chicago Bulls,Los Angeles Lakers,0.728725281424
Atlanta Hawks,New York Knicks,0.684776102708
Oklahoma City Thunder,Indiana Pacers,0.775012059445
Toronto Raptors,Sacramento Kings,0.737387167825
Charlotte Hornets,Memphis Grizzlies,0.764105402755
Detroit Pistons,Houston Rockets,0.583803307607
Golden State Warriors,Indiana Pacers,0.769240081525
Los Angeles Clippers,Toronto Raptors,0.553064413846
Orlando Magic,Milwaukee Bucks,0.500984226206
Boston Celtics,Minnesota Timberwolves,0.693531168873
Miami Heat,Philadelphia 76ers,0.891957622812
San Antonio Spurs,Dallas Mavericks,0.876263536154
Washington Wizards,Phoenix Suns,0.816363975808
Atlanta Hawks,New Orleans Pelicans,0.827724665459
Chicago Bulls,Denver Nuggets,0.538520097721
Oklahoma City Thunder,Los Angeles Lakers,0.912935592168
Portland Trail Blazers,New York Knicks,0.763850823694
Boston Celtics,Brooklyn Nets,0.827988635183
San Antonio Spurs,Charlotte Hornets,0.681652917452
Cleveland Cavaliers,Portland Trail Blazers,0.693262618307
Los Angeles Clippers,Dallas Mavericks,0.564183769185
Miami Heat,Detroit Pistons,0.503839069504
Golden State Warriors,Los Angeles Lakers,0.977617442912
Toronto Raptors,Houston Rockets,0.607651248001
Indiana Pacers,Atlanta Hawks,0.532509201836
New Orleans Pelicans,Minnesota Timberwolves,0.534235092265
Orlando Magic,Phoenix Suns,0.747583361794
Memphis Grizzlies,Philadelphia 76ers,0.787763175853
Oklahoma City Thunder,Sacramento Kings,0.799290115369
Utah Jazz,Denver Nuggets,0.723855705142
San Antonio Spurs,Boston Celtics,0.676671371072
Cleveland Cavaliers,Dallas Mavericks,0.849375976646
Oklahoma City Thunder,Denver Nuggets,0.819983941037
Los Angeles Clippers,Detroit Pistons,0.559903260856
Indiana Pacers,Brooklyn Nets,0.88115486925
Golden State Warriors,Los Angeles Lakers,0.951149566913
Miami Heat,Memphis Grizzlies,0.616229104986
Toronto Raptors,Milwaukee Bucks,0.779512449536
Charlotte Hornets,New York Knicks,0.682278871042
Washington Wizards,Orlando Magic,0.517268263479
Chicago Bulls,Philadelphia 76ers,0.82055262211
Minnesota Timberwolves,Phoenix Suns,0.563337059421
Portland Trail Blazers,New Orleans Pelicans,0.767192068001
Houston Rockets,Sacramento Kings,0.563910341993
Atlanta Hawks,Utah Jazz,0.515129110772
Charlotte Hornets,New York Knicks,0.823126887544
Golden State Warriors,Minnesota Timberwolves,0.942421551385
Miami Heat,Memphis Grizzlies,0.770082359282
Oklahoma City Thunder,Detroit Pistons,0.805631716915
San Antonio Spurs,Washington Wizards,0.773768255514
Sacramento Kings,Brooklyn Nets,0.643590565457
Dallas Mavericks,New Orleans Pelicans,0.759734996551
Los Angeles Clippers,Indiana Pacers,0.509872193002
Atlanta Hawks,Los Angeles Lakers,0.836807326874
Orlando Magic,Milwaukee Bucks,0.647575235616
Cleveland Cavaliers,Philadelphia 76ers,0.952437286045
Denver Nuggets,Phoenix Suns,0.571707217984
Portland Trail Blazers,Houston Rockets,0.589600099226
Golden State Warriors,Atlanta Hawks,0.850305284256
Charlotte Hornets,Memphis Grizzlies,0.626616157447
Miami Heat,Boston Celtics,0.593473740701
Utah Jazz,Minnesota Timberwolves,0.599902580684
Oklahoma City Thunder,New York Knicks,0.816252861583
Toronto Raptors,Philadelphia 76ers,0.961709785324
Washington Wizards,Sacramento Kings,0.702035772894
Los Angeles Clippers,Brooklyn Nets,0.853937104366
Charlotte Hornets,Detroit Pistons,0.667299808495
Cleveland Cavaliers,Milwaukee Bucks,0.849064857955
New Orleans Pelicans,Los Angeles Lakers,0.753745107635
San Antonio Spurs,Orlando Magic,0.911676710281
Utah Jazz,Houston Rockets,0.586357178982
Boston Celtics,Detroit Pistons,0.672355830387
Chicago Bulls,Los Angeles Lakers,0.870600378553
San Antonio Spurs,Dallas Mavericks,0.76315318257
Miami Heat,Denver Nuggets,0.678128711196
Minnesota Timberwolves,New York Knicks,0.592934263281
Oklahoma City Thunder,Washington Wizards,0.822188808351
Atlanta Hawks,Phoenix Suns,0.788018644916
Portland Trail Blazers,Indiana Pacers,0.535835170086
Toronto Raptors,Memphis Grizzlies,0.833909321823
Milwaukee Bucks,Brooklyn Nets,0.606698587197
Charlotte Hornets,Dallas Mavericks,0.697710690127
Cleveland Cavaliers,Los Angeles Clippers,0.739583047946
Golden State Warriors,Houston Rockets,0.895337386857
Memphis Grizzlies,Orlando Magic,0.589934675579
Miami Heat,Utah Jazz,0.501209113397
Atlanta Hawks,Detroit Pistons,0.669448166671
Boston Celtics,Sacramento Kings,0.79383633152
Cleveland Cavaliers,Chicago Bulls,0.723910563832
Houston Rockets,Denver Nuggets,0.596625121772
Los Angeles Clippers,New Orleans Pelicans,0.748544822601
New York Knicks,Minnesota Timberwolves,0.570158567662
Orlando Magic,Philadelphia 76ers,0.781362944302
San Antonio Spurs,Washington Wizards,0.872857783773
Toronto Raptors,Los Angeles Lakers,0.942585568436
Charlotte Hornets,Minnesota Timberwolves,0.798754608024
Dallas Mavericks,Chicago Bulls,0.636001822021
Golden State Warriors,Phoenix Suns,0.966978403562
Memphis Grizzlies,Los Angeles Lakers,0.819145294425
Milwaukee Bucks,Brooklyn Nets,0.726371031195
Boston Celtics,Philadelphia 76ers,0.894911937049
Portland Trail Blazers,Miami Heat,0.502137416982
Toronto Raptors,Atlanta Hawks,0.681026238046
Utah Jazz,Denver Nuggets,0.723855705142
Detroit Pistons,Orlando Magic,0.694642017326
Los Angeles Clippers,Indiana Pacers,0.683460159228
New York Knicks,Sacramento Kings,0.557078709629
Oklahoma City Thunder,New Orleans Pelicans,0.907691498293
Oklahoma City Thunder,Atlanta Hawks,0.595184591
Washington Wizards,Brooklyn Nets,0.75230695855
Portland Trail Blazers,Chicago Bulls,0.629870539347
Charlotte Hornets,Dallas Mavericks,0.519215686934
Golden State Warriors,Indiana Pacers,0.87299829147
Boston Celtics,Houston Rockets,0.511712711593
Utah Jazz,Los Angeles Lakers,0.768235483184
San Antonio Spurs,Milwaukee Bucks,0.878521598489
Memphis Grizzlies,New Orleans Pelicans,0.516507279885
Denver Nuggets,Philadelphia 76ers,0.758118193049
Cleveland Cavaliers,Toronto Raptors,0.517964661931
Detroit Pistons,Chicago Bulls,0.640018047046
Memphis Grizzlies,Philadelphia 76ers,0.873885026441
Miami Heat,New York Knicks,0.827945126117
San Antonio Spurs,Minnesota Timberwolves,0.872466733997
Utah Jazz,Phoenix Suns,0.829131144556
Washington Wizards,Orlando Magic,0.678056504939
Atlanta Hawks,Miami Heat,0.595226152853
Denver Nuggets,Brooklyn Nets,0.639202016286
Charlotte Hornets,Detroit Pistons,0.667299808495
Dallas Mavericks,Sacramento Kings,0.714364796741
Houston Rockets,Los Angeles Lakers,0.877429763039
Golden State Warriors,Los Angeles Clippers,0.680324208865
Portland Trail Blazers,Milwaukee Bucks,0.784992934265
Cleveland Cavaliers,New York Knicks,0.832881792446
Boston Celtics,Orlando Magic,0.629386368051
Indiana Pacers,Phoenix Suns,0.754412836799
San Antonio Spurs,Chicago Bulls,0.771210969619
Portland Trail Blazers,Memphis Grizzlies,0.716541731711
New Orleans Pelicans,Philadelphia 76ers,0.824027251028
Toronto Raptors,Minnesota Timberwolves,0.860181573788
Golden State Warriors,Utah Jazz,0.801354357838
Washington Wizards,Denver Nuggets,0.706011560146
Toronto Raptors,Boston Celtics,0.505709731304
Charlotte Hornets,Orlando Magic,0.770862672421
Cleveland Cavaliers,Miami Heat,0.780608415712
Dallas Mavericks,Indiana Pacers,0.525550390408
Los Angeles Lakers,Phoenix Suns,0.501338652574
Atlanta Hawks,Milwaukee Bucks,0.710312812419
Detroit Pistons,Minnesota Timberwolves,0.614334995022
Oklahoma City Thunder,Houston Rockets,0.810852246177
Sacramento Kings,New York Knicks,0.634355342663
Miami Heat,Chicago Bulls,0.5194559113
Cleveland Cavaliers,Charlotte Hornets,0.772953019722
Houston Rockets,Dallas Mavericks,0.609371658309
Portland Trail Blazers,Indiana Pacers,0.56657226035
Los Angeles Clippers,New Orleans Pelicans,0.86040475313
Golden State Warriors,Memphis Grizzlies,0.865706392293
Orlando Magic,Denver Nuggets,0.61537223001
San Antonio Spurs,Brooklyn Nets,0.964923126894
Utah Jazz,Sacramento Kings,0.720025538966
Washington Wizards,Milwaukee Bucks,0.733907240922
Detroit Pistons,Philadelphia 76ers,0.916366430555
New York Knicks,Los Angeles Lakers,0.602814573281
Golden State Warriors,Minnesota Timberwolves,0.898036227174
Oklahoma City Thunder,Boston Celtics,0.744742009931
New Orleans Pelicans,Phoenix Suns,0.518329605169
Dallas Mavericks,Denver Nuggets,0.71824210015
Houston Rockets,Brooklyn Nets,0.85835153235
Indiana Pacers,Charlotte Hornets,0.535381972457
Los Angeles Clippers,Portland Trail Blazers,0.54509800281
Miami Heat,Washington Wizards,0.698218561133
Sacramento Kings,Los Angeles Lakers,0.797917699915
Toronto Raptors,Milwaukee Bucks,0.872265722468
Atlanta Hawks,Orlando Magic,0.772570210839
Chicago Bulls,Minnesota Timberwolves,0.716008040419
Cleveland Cavaliers,Memphis Grizzlies,0.887815167777
Golden State Warriors,New Orleans Pelicans,0.905115113102
New York Knicks,Phoenix Suns,0.523873714049
Oklahoma City Thunder,Portland Trail Blazers,0.681897046468
Brooklyn Nets,Los Angeles Lakers,0.609148222148
Dallas Mavericks,Detroit Pistons,0.571342557892
Houston Rockets,Sacramento Kings,0.717804442645
Cleveland Cavaliers,Memphis Grizzlies,0.795703312995
Miami Heat,Indiana Pacers,0.632838424788
Los Angeles Clippers,Orlando Magic,0.673479884381
Toronto Raptors,Philadelphia 76ers,0.92639018922
San Antonio Spurs,Boston Celtics,0.812445851491
Oklahoma City Thunder,Utah Jazz,0.684793593728
Charlotte Hornets,Washington Wizards,0.534089025511
Portland Trail Blazers,Denver Nuggets,0.768343971333
Golden State Warriors,New York Knicks,0.950473544775
Chicago Bulls,Milwaukee Bucks,0.562276493481
Indiana Pacers,New Orleans Pelicans,0.674896621721
San Antonio Spurs,Phoenix Suns,0.916416411057
Boston Celtics,Charlotte Hornets,0.587739419006
Chicago Bulls,Milwaukee Bucks,0.73673915443
Houston Rockets,New Orleans Pelicans,0.762809695393
Memphis Grizzlies,Sacramento Kings,0.616767833446
Miami Heat,Los Angeles Clippers,0.545861509309
Orlando Magic,Brooklyn Nets,0.789005214258
Los Angeles Lakers,Philadelphia 76ers,0.531646271699
Toronto Raptors,Atlanta Hawks,0.681026238046
Utah Jazz,Dallas Mavericks,0.611984864936
Washington Wizards,Detroit Pistons,0.556671314256
Atlanta Hawks,Charlotte Hornets,0.584544834255
Cleveland Cavaliers,Los Angeles Lakers,0.962793519186
Denver Nuggets,New York Knicks,0.602662687148
Detroit Pistons,Indiana Pacers,0.529884480164
Golden State Warriors,Portland Trail Blazers,0.792308561188
Houston Rockets,Minnesota Timberwolves,0.606323903133
Oklahoma City Thunder,Phoenix Suns,0.936202219843
Dallas Mavericks,Sacramento Kings,0.714364796741
Utah Jazz,Memphis Grizzlies,0.523229188323
Miami Heat,Boston Celtics,0.593473740701
Toronto Raptors,Orlando Magic,0.71507792573
Brooklyn Nets,Philadelphia 76ers,0.572828766719
San Antonio Spurs,New Orleans Pelicans,0.935895357343
Los Angeles Clippers,Washington Wizards,0.578794513029
Chicago Bulls,Detroit Pistons,0.560259278181
Dallas Mavericks,Denver Nuggets,0.570694609405
Indiana Pacers,Washington Wizards,0.649165281543
Minnesota Timberwolves,Phoenix Suns,0.689689882563
Oklahoma City Thunder,Atlanta Hawks,0.740024553935
Charlotte Hornets,Los Angeles Lakers,0.91373060563
Golden State Warriors,Utah Jazz,0.897824738462
San Antonio Spurs,Houston Rockets,0.760081535916
Los Angeles Clippers,Denver Nuggets,0.832463355038
Boston Celtics,Memphis Grizzlies,0.623540818706
Miami Heat,Orlando Magic,0.776718447561
Cleveland Cavaliers,Milwaukee Bucks,0.849064857955
Indiana Pacers,New York Knicks,0.642233900268
New Orleans Pelicans,Philadelphia 76ers,0.716450290094
Portland Trail Blazers,Sacramento Kings,0.743570279892
Toronto Raptors,Brooklyn Nets,0.932873057892
Atlanta Hawks,Minnesota Timberwolves,0.800308138796
Chicago Bulls,Washington Wizards,0.587003145004
Cleveland Cavaliers,Milwaukee Bucks,0.91499176706
Detroit Pistons,Memphis Grizzlies,0.686550979975
Oklahoma City Thunder,New Orleans Pelicans,0.837059053933
Houston Rockets,Phoenix Suns,0.711680991827
Portland Trail Blazers,Dallas Mavericks,0.615158734609
Utah Jazz,Sacramento Kings,0.720025538966
Golden State Warriors,Brooklyn Nets,0.949326590785
Indiana Pacers,Boston Celtics,0.538644632846
San Antonio Spurs,Los Angeles Clippers,0.62307404243
Miami Heat,Los Angeles Lakers,0.916331569541
New York Knicks,Orlando Magic,0.529256071177
Oklahoma City Thunder,Boston Celtics,0.592007650139
Charlotte Hornets,Chicago Bulls,0.724465118152
Cleveland Cavaliers,Brooklyn Nets,0.956341148344
Atlanta Hawks,Denver Nuggets,0.690163508554
Golden State Warriors,Detroit Pistons,0.803023700739
Los Angeles Clippers,Dallas Mavericks,0.749356226442
Houston Rockets,Memphis Grizzlies,0.529916805291
Washington Wizards,Milwaukee Bucks,0.601507939102
Minnesota Timberwolves,Sacramento Kings,0.540852767103
Miami Heat,New Orleans Pelicans,0.703798777049
Orlando Magic,Los Angeles Lakers,0.815414961947
Phoenix Suns,Philadelphia 76ers,0.759876572199
San Antonio Spurs,Portland Trail Blazers,0.755607952748
Toronto Raptors,Utah Jazz,0.605027691864
Golden State Warriors,Cleveland Cavaliers,0.530145590769
Los Angeles Clippers,Los Angeles Lakers,0.858680875626
Boston Celtics,New York Knicks,0.679427447479
Oklahoma City Thunder,Minnesota Timberwolves,0.891330397568
San Antonio Spurs,Chicago Bulls,0.889712939218
Charlotte Hornets,Brooklyn Nets,0.829849564977
Chicago Bulls,Indiana Pacers,0.514289655093
Cleveland Cavaliers,Detroit Pistons,0.711244638435
Houston Rockets,Phoenix Suns,0.827568322247
Los Angeles Clippers,Denver Nuggets,0.832463355038
Atlanta Hawks,Minnesota Timberwolves,0.698748844641
Dallas Mavericks,New Orleans Pelicans,0.599877277058
Orlando Magic,Memphis Grizzlies,0.57464947104
Toronto Raptors,Portland Trail Blazers,0.601824350823
Sacramento Kings,Philadelphia 76ers,0.857968407437
Washington Wizards,Milwaukee Bucks,0.733907240922
Boston Celtics,Memphis Grizzlies,0.768201306626
Dallas Mavericks,Houston Rockets,0.579571899689
Utah Jazz,Los Angeles Lakers,0.768235483184
Oklahoma City Thunder,Miami Heat,0.58944641197
Atlanta Hawks,New York Knicks,0.824533604948
Chicago Bulls,Brooklyn Nets,0.850640093561
Denver Nuggets,Minnesota Timberwolves,0.564002718031
Detroit Pistons,Milwaukee Bucks,0.748681938569
Golden State Warriors,Toronto Raptors,0.797553586872
Los Angeles Clippers,New Orleans Pelicans,0.748544822601
Charlotte Hornets,Orlando Magic,0.632442102711
Portland Trail Blazers,Sacramento Kings,0.722716078404
San Antonio Spurs,Phoenix Suns,0.95611609301
Washington Wizards,Indiana Pacers,0.510654216476
Charlotte Hornets,Miami Heat,0.592888759634
Cleveland Cavaliers,Boston Celtics,0.775247739801
Dallas Mavericks,Los Angeles Lakers,0.753703725685
Oklahoma City Thunder,Memphis Grizzlies,0.776368278632
Toronto Raptors,Phoenix Suns,0.842765056502
Utah Jazz,Philadelphia 76ers,0.917169158208
Atlanta Hawks,Detroit Pistons,0.669448166671
Boston Celtics,Miami Heat,0.598395033311
Denver Nuggets,Philadelphia 76ers,0.840793306554
Golden State Warriors,Dallas Mavericks,0.904925822894
Los Angeles Clippers,Houston Rockets,0.560019392697
Indiana Pacers,Chicago Bulls,0.684972342764
Minnesota Timberwolves,Milwaukee Bucks,0.579641750661
New Orleans Pelicans,New York Knicks,0.573538747836
San Antonio Spurs,Portland Trail Blazers,0.739469807776
Washington Wizards,Brooklyn Nets,0.848781935296
Chicago Bulls,Milwaukee Bucks,0.73673915443
Cleveland Cavaliers,Charlotte Hornets,0.624843913763
Houston Rockets,New York Knicks,0.758766648826
Oklahoma City Thunder,Los Angeles Clippers,0.706071872432
Sacramento Kings,Memphis Grizzlies,0.547008302647
Utah Jazz,Phoenix Suns,0.829131144556
San Antonio Spurs,Atlanta Hawks,0.679545911334
Indiana Pacers,Orlando Magic,0.735592997105
Toronto Raptors,Los Angeles Lakers,0.880858585536
Miami Heat,Detroit Pistons,0.674685296969
Portland Trail Blazers,Minnesota Timberwolves,0.775467759312
Utah Jazz,Brooklyn Nets,0.761299636478
Charlotte Hornets,Chicago Bulls,0.530466483507
Cleveland Cavaliers,New Orleans Pelicans,0.920794352693
Golden State Warriors,Denver Nuggets,0.940542826698
Houston Rockets,Washington Wizards,0.601956832086
Los Angeles Clippers,Phoenix Suns,0.901942839634
Oklahoma City Thunder,Milwaukee Bucks,0.833724733075
New York Knicks,Orlando Magic,0.529256071177
Boston Celtics,Utah Jazz,0.685544657583
Dallas Mavericks,Washington Wizards,0.597896145723
Denver Nuggets,Sacramento Kings,0.550883093076
Detroit Pistons,Indiana Pacers,0.529884480164
Memphis Grizzlies,Los Angeles Lakers,0.685586033146
Minnesota Timberwolves,Philadelphia 76ers,0.751809554397
Miami Heat,Phoenix Suns,0.778565272312
San Antonio Spurs,Toronto Raptors,0.74562080069
Oklahoma City Thunder,Charlotte Hornets,0.597517751035
Cleveland Cavaliers,Chicago Bulls,0.865298638279
Golden State Warriors,Portland Trail Blazers,0.792308561188
Los Angeles Clippers,Memphis Grizzlies,0.807536609524
New York Knicks,Milwaukee Bucks,0.595522055171
Atlanta Hawks,Orlando Magic,0.635121559477
Miami Heat,Sacramento Kings,0.648125585637
Dallas Mavericks,Phoenix Suns,0.825140658347
San Antonio Spurs,Denver Nuggets,0.867896190454
Charlotte Hornets,Detroit Pistons,0.51487328919
Oklahoma City Thunder,Houston Rockets,0.687161273866
Indiana Pacers,Brooklyn Nets,0.88115486925
Atlanta Hawks,New Orleans Pelicans,0.715276758304
Portland Trail Blazers,Los Angeles Lakers,0.880027466161
Toronto Raptors,Utah Jazz,0.76759484211
Boston Celtics,Philadelphia 76ers,0.94311250852
Cleveland Cavaliers,Brooklyn Nets,0.918824927011
Golden State Warriors,Memphis Grizzlies,0.930351171723
Miami Heat,Los Angeles Lakers,0.829057722905
Milwaukee Bucks,New York Knicks,0.579458803364
Houston Rockets,Orlando Magic,0.536134633137
Los Angeles Clippers,Sacramento Kings,0.697669145439
Washington Wizards,Minnesota Timberwolves,0.713039981844
Boston Celtics,New Orleans Pelicans,0.829594462111
Toronto Raptors,Chicago Bulls,0.622338312754
Atlanta Hawks,Dallas Mavericks,0.522096834415
Indiana Pacers,New York Knicks,0.793749490709
Utah Jazz,Minnesota Timberwolves,0.599902580684
Oklahoma City Thunder,Denver Nuggets,0.887982769315
San Antonio Spurs,Charlotte Hornets,0.810438057955
Brooklyn Nets,Philadelphia 76ers,0.704521040237
Los Angeles Clippers,Miami Heat,0.653550355445
Orlando Magic,Los Angeles Lakers,0.677366490091
Utah Jazz,Memphis Grizzlies,0.523229188323
Washington Wizards,Milwaukee Bucks,0.601507939102
Cleveland Cavaliers,Phoenix Suns,0.895050889535
Portland Trail Blazers,Detroit Pistons,0.581425283887
Golden State Warriors,Sacramento Kings,0.880876260686
Toronto Raptors,Houston Rockets,0.762774844458
Oklahoma City Thunder,Chicago Bulls,0.700339758881
Dallas Mavericks,Minnesota Timberwolves,0.580578569303
New York Knicks,New Orleans Pelicans,0.613930276169
Atlanta Hawks,Brooklyn Nets,0.831473413713
Golden State Warriors,Miami Heat,0.857257485034
Charlotte Hornets,Houston Rockets,0.514991010458
Portland Trail Blazers,Los Angeles Lakers,0.884194228656
Detroit Pistons,Sacramento Kings,0.572175525036
San Antonio Spurs,Milwaukee Bucks,0.931116306614
Toronto Raptors,Boston Celtics,0.686360531895
Cleveland Cavaliers,Utah Jazz,0.709079269891
Washington Wizards,Chicago Bulls,0.622079777692
Boston Celtics,Washington Wizards,0.695981674643
Los Angeles Clippers,Orlando Magic,0.813353673025
Houston Rockets,Minnesota Timberwolves,0.606323903133
Oklahoma City Thunder,Memphis Grizzlies,0.870026712766
New York Knicks,Philadelphia 76ers,0.720941719254
Cleveland Cavaliers,Portland Trail Blazers,0.706310180925
New Orleans Pelicans,Brooklyn Nets,0.588176852469
Indiana Pacers,Denver Nuggets,0.647974612046
Golden State Warriors,Detroit Pistons,0.892138487037
Chicago Bulls,New York Knicks,0.532282838592
Dallas Mavericks,Phoenix Suns,0.689294972882
San Antonio Spurs,Los Angeles Lakers,0.970146753916
Atlanta Hawks,Boston Celtics,0.587728108841
Houston Rockets,Memphis Grizzlies,0.68644954673
Miami Heat,Milwaukee Bucks,0.698719009069
Oklahoma City Thunder,Minnesota Timberwolves,0.825879589975
Charlotte Hornets,Philadelphia 76ers,0.896139666191
Portland Trail Blazers,Orlando Magic,0.699689164192
Cleveland Cavaliers,Sacramento Kings,0.817110200257
Toronto Raptors,Brooklyn Nets,0.932873057892
Utah Jazz,Detroit Pistons,0.578163983521
Chicago Bulls,New Orleans Pelicans,0.751403318232
Los Angeles Clippers,Los Angeles Lakers,0.93206319413
San Antonio Spurs,Phoenix Suns,0.916416411057
Utah Jazz,Orlando Magic,0.696868906038
Washington Wizards,Philadelphia 76ers,0.910268201499
Atlanta Hawks,Milwaukee Bucks,0.816462866666
Houston Rockets,Brooklyn Nets,0.766140418127
Dallas Mavericks,Minnesota Timberwolves,0.725091978793
Detroit Pistons,Los Angeles Lakers,0.778834364646
Memphis Grizzlies,Chicago Bulls,0.529272981314
Oklahoma City Thunder,Sacramento Kings,0.799290115369
Toronto Raptors,New York Knicks,0.878248541307
Boston Celtics,Charlotte Hornets,0.587739419006
Denver Nuggets,Orlando Magic,0.523004507053
Golden State Warriors,Cleveland Cavaliers,0.712307166754
Indiana Pacers,New Orleans Pelicans,0.797362808786
Oklahoma City Thunder,Los Angeles Clippers,0.534040067832
Milwaukee Bucks,Philadelphia 76ers,0.827515804247
Atlanta Hawks,New York Knicks,0.684776102708
Utah Jazz,Phoenix Suns,0.706145298159
Portland Trail Blazers,Washington Wizards,0.63325637914
Toronto Raptors,Brooklyn Nets,0.876752418222
Chicago Bulls,Dallas Mavericks,0.594508887271
Denver Nuggets,Los Angeles Lakers,0.648045464157
Miami Heat,Houston Rockets,0.682034794274
San Antonio Spurs,Minnesota Timberwolves,0.924115290935
Boston Celtics,New York Knicks,0.826430773274
Portland Trail Blazers,Charlotte Hornets,0.519459711084
Atlanta Hawks,Detroit Pistons,0.517756289646
Golden State Warriors,Oklahoma City Thunder,0.735292431711
Houston Rockets,Milwaukee Bucks,0.748593248624
Orlando Magic,New Orleans Pelicans,0.50704579582
Toronto Raptors,Philadelphia 76ers,0.92639018922
Indiana Pacers,Sacramento Kings,0.616749234424
Washington Wizards,Memphis Grizzlies,0.669734944896
Cleveland Cavaliers,Phoenix Suns,0.945501068036
Los Angeles Clippers,Minnesota Timberwolves,0.837165922458
Miami Heat,Dallas Mavericks,0.704719821564
Washington Wizards,New York Knicks,0.5721570036
San Antonio Spurs,Denver Nuggets,0.921688886273
Atlanta Hawks,Chicago Bulls,0.726395692489
Toronto Raptors,Charlotte Hornets,0.511423457487
Dallas Mavericks,Utah Jazz,0.58609438842
Golden State Warriors,Houston Rockets,0.803098239598
Indiana Pacers,Los Angeles Lakers,0.809061986163
Memphis Grizzlies,Sacramento Kings,0.616767833446
New Orleans Pelicans,Brooklyn Nets,0.721525202588
Orlando Magic,Milwaukee Bucks,0.647575235616
Portland Trail Blazers,Philadelphia 76ers,0.928554463183
Atlanta Hawks,Philadelphia 76ers,0.942401822656
Portland Trail Blazers,Boston Celtics,0.513750610982
Chicago Bulls,Sacramento Kings,0.705070571614
Charlotte Hornets,Brooklyn Nets,0.8996564825
Cleveland Cavaliers,San Antonio Spurs,0.532931445862
Los Angeles Clippers,Denver Nuggets,0.725238724473
Detroit Pistons,Washington Wizards,0.6020697537
Houston Rockets,Memphis Grizzlies,0.529916805291
Miami Heat,Milwaukee Bucks,0.819997047732
New York Knicks,Phoenix Suns,0.703539111115
Utah Jazz,Indiana Pacers,0.53250426624
Dallas Mavericks,Los Angeles Lakers,0.875598572274
Minnesota Timberwolves,Denver Nuggets,0.545587149156
Golden State Warriors,Orlando Magic,0.868584170747
Toronto Raptors,Phoenix Suns,0.916713529851
Atlanta Hawks,Los Angeles Clippers,0.539964574716
San Antonio Spurs,Brooklyn Nets,0.935698240646
Charlotte Hornets,Washington Wizards,0.691122746786
Detroit Pistons,Sacramento Kings,0.717899901048
Indiana Pacers,New York Knicks,0.793749490709
Golden State Warriors,Miami Heat,0.727220956826
Houston Rockets,Milwaukee Bucks,0.619503784875
Cleveland Cavaliers,New Orleans Pelicans,0.852146116025
Oklahoma City Thunder,Utah Jazz,0.684793593728
Utah Jazz,Denver Nuggets,0.590152535807
Orlando Magic,Chicago Bulls,0.523045000948
Los Angeles Clippers,Philadelphia 76ers,0.911839740933
Minnesota Timberwolves,Phoenix Suns,0.563337059421
San Antonio Spurs,Toronto Raptors,0.580081568941
Boston Celtics,Washington Wizards,0.530822210249
Boston Celtics,Houston Rockets,0.679732973245
Miami Heat,Brooklyn Nets,0.823523933501
Atlanta Hawks,Chicago Bulls,0.533340806389
Golden State Warriors,Charlotte Hornets,0.733806896046
Cleveland Cavaliers,Sacramento Kings,0.901910963508
Dallas Mavericks,New York Knicks,0.755656327968
Toronto Raptors,Memphis Grizzlies,0.709961110789
Milwaukee Bucks,Philadelphia 76ers,0.827515804247
Oklahoma City Thunder,New Orleans Pelicans,0.837059053933
Portland Trail Blazers,Los Angeles Lakers,0.880027466161
Denver Nuggets,Phoenix Suns,0.698282605156
Indiana Pacers,Minnesota Timberwolves,0.65714823666
Oklahoma City Thunder,Dallas Mavericks,0.82668232439
Utah Jazz,Los Angeles Lakers,0.878606959599
Atlanta Hawks,Washington Wizards,0.693188001609
Boston Celtics,Orlando Magic,0.774875815741
Miami Heat,Chicago Bulls,0.5194559113
Cleveland Cavaliers,Brooklyn Nets,0.956341148344
Indiana Pacers,Sacramento Kings,0.756823716487
San Antonio Spurs,New Orleans Pelicans,0.881085733419
Charlotte Hornets,New York Knicks,0.682278871042
Houston Rockets,Philadelphia 76ers,0.852850143992
Portland Trail Blazers,Memphis Grizzlies,0.691672500791
Toronto Raptors,Milwaukee Bucks,0.872265722468
Charlotte Hornets,Sacramento Kings,0.790069614501
Golden State Warriors,Los Angeles Clippers,0.827395938278
Miami Heat,Detroit Pistons,0.674685296969
Boston Celtics,Milwaukee Bucks,0.705210926971
Minnesota Timberwolves,Brooklyn Nets,0.737273355998
Denver Nuggets,Phoenix Suns,0.571707217984
Utah Jazz,Memphis Grizzlies,0.688810440649
Atlanta Hawks,New York Knicks,0.824533604948
Chicago Bulls,Philadelphia 76ers,0.911449643017
Cleveland Cavaliers,Oklahoma City Thunder,0.622027325928
Indiana Pacers,Houston Rockets,0.631738371923
Washington Wizards,New Orleans Pelicans,0.607305570164
Golden State Warriors,Portland Trail Blazers,0.799214872213
San Antonio Spurs,Dallas Mavericks,0.876263536154
Toronto Raptors,Orlando Magic,0.839088121015
Boston Celtics,Detroit Pistons,0.672355830387
Cleveland Cavaliers,Dallas Mavericks,0.714802942002
Miami Heat,Brooklyn Nets,0.902636557318
Minnesota Timberwolves,Orlando Magic,0.512902089136
Sacramento Kings,Philadelphia 76ers,0.761599779727
Memphis Grizzlies,Phoenix Suns,0.612521726991
Houston Rockets,Sacramento Kings,0.717804442645
Denver Nuggets,Los Angeles Lakers,0.648045464157
Charlotte Hornets,Portland Trail Blazers,0.508900163302
San Antonio Spurs,Oklahoma City Thunder,0.673918070936
Toronto Raptors,New Orleans Pelicans,0.880604187754
Washington Wizards,New York Knicks,0.744472068768
Toronto Raptors,Boston Celtics,0.505709731304
New York Knicks,Brooklyn Nets,0.593547434755
Cleveland Cavaliers,Minnesota Timberwolves,0.906516465606
Dallas Mavericks,Philadelphia 76ers,0.915023999263
Denver Nuggets,Memphis Grizzlies,0.51355042205
Detroit Pistons,New Orleans Pelicans,0.762894958621
Golden State Warriors,Charlotte Hornets,0.851768782918
Miami Heat,Atlanta Hawks,0.587509082369
Oklahoma City Thunder,Chicago Bulls,0.844564951162
Indiana Pacers,Orlando Magic,0.589891423371
Los Angeles Clippers,Phoenix Suns,0.814985759851
Utah Jazz,Milwaukee Bucks,0.750656192092
Atlanta Hawks,Houston Rockets,0.517873966418
Golden State Warriors,Los Angeles Clippers,0.680324208865
San Antonio Spurs,Philadelphia 76ers,0.980282633107
Washington Wizards,Los Angeles Lakers,0.868952286456
Boston Celtics,Los Angeles Lakers,0.915515774481
Indiana Pacers,Brooklyn Nets,0.803034674948
Denver Nuggets,Milwaukee Bucks,0.589467900152
Detroit Pistons,Minnesota Timberwolves,0.72854476958
Houston Rockets,Chicago Bulls,0.639909453495
Oklahoma City Thunder,Memphis Grizzlies,0.870026712766
Toronto Raptors,Orlando Magic,0.71507792573
Portland Trail Blazers,Dallas Mavericks,0.615158734609
Sacramento Kings,Phoenix Suns,0.725818227554
Atlanta Hawks,Orlando Magic,0.772570210839
Indiana Pacers,Detroit Pistons,0.623867450322
Miami Heat,Philadelphia 76ers,0.943678218068
Minnesota Timberwolves,Memphis Grizzlies,0.503437880747
Cleveland Cavaliers,New York Knicks,0.832881792446
Milwaukee Bucks,Phoenix Suns,0.537522685196
Golden State Warriors,Sacramento Kings,0.880876260686
San Antonio Spurs,Denver Nuggets,0.921688886273
Charlotte Hornets,Utah Jazz,0.512245200224
Washington Wizards,New Orleans Pelicans,0.748675336896
Boston Celtics,Los Angeles Clippers,0.543234092662
Toronto Raptors,Brooklyn Nets,0.876752418222
Oklahoma City Thunder,Portland Trail Blazers,0.656558753077
Atlanta Hawks,Utah Jazz,0.682698801757
Dallas Mavericks,Denver Nuggets,0.570694609405
Detroit Pistons,Philadelphia 76ers,0.916366430555
Oklahoma City Thunder,Indiana Pacers,0.642247963262
San Antonio Spurs,Memphis Grizzlies,0.833532384335
Miami Heat,Minnesota Timberwolves,0.68689623609
New Orleans Pelicans,Phoenix Suns,0.672357035601
New York Knicks,Los Angeles Lakers,0.779719115981
Chicago Bulls,Sacramento Kings,0.505002606377
Toronto Raptors,Los Angeles Clippers,0.643084614031
Cleveland Cavaliers,Washington Wizards,0.726809264841
Charlotte Hornets,Brooklyn Nets,0.8996564825
Portland Trail Blazers,Dallas Mavericks,0.619292184724
Houston Rockets,Orlando Magic,0.694542037449
Atlanta Hawks,Denver Nuggets,0.794802040683
Washington Wizards,Brooklyn Nets,0.75230695855
Detroit Pistons,Los Angeles Lakers,0.877480441401
Golden State Warriors,Chicago Bulls,0.915560022262
Cleveland Cavaliers,Indiana Pacers,0.668223481624
Memphis Grizzlies,Phoenix Suns,0.752268050101
Miami Heat,Milwaukee Bucks,0.698719009069
Toronto Raptors,Minnesota Timberwolves,0.769815674835
Utah Jazz,New Orleans Pelicans,0.618895795634
Los Angeles Clippers,New York Knicks,0.720213961375
San Antonio Spurs,Philadelphia 76ers,0.962608154621
Boston Celtics,Sacramento Kings,0.655169656556
Charlotte Hornets,Houston Rockets,0.67473571917
Dallas Mavericks,Utah Jazz,0.58609438842
Oklahoma City Thunder,Cleveland Cavaliers,0.553720497614
Orlando Magic,Philadelphia 76ers,0.871106101852
Boston Celtics,Portland Trail Blazers,0.505620216727
Miami Heat,Brooklyn Nets,0.823523933501
San Antonio Spurs,Detroit Pistons,0.759995579259
Golden State Warriors,Memphis Grizzlies,0.865706392293
Milwaukee Bucks,Los Angeles Lakers,0.758218146575
Minnesota Timberwolves,New Orleans Pelicans,0.598285177406
New York Knicks,Denver Nuggets,0.561781342398
Chicago Bulls,Phoenix Suns,0.660724817249
Atlanta Hawks,Sacramento Kings,0.660720937633
Washington Wizards,Indiana Pacers,0.510654216476
Charlotte Hornets,Los Angeles Clippers,0.53755599456
Cleveland Cavaliers,Denver Nuggets,0.903586049797
Dallas Mavericks,Orlando Magic,0.690940931567
Houston Rockets,Phoenix Suns,0.827568322247
Indiana Pacers,Milwaukee Bucks,0.784632651828
Golden State Warriors,Oklahoma City Thunder,0.571543063765
Miami Heat,Philadelphia 76ers,0.891957622812
Boston Celtics,Utah Jazz,0.508966037977
Chicago Bulls,Minnesota Timberwolves,0.548558847942
San Antonio Spurs,New York Knicks,0.864994658894
Sacramento Kings,New Orleans Pelicans,0.639492822085
Toronto Raptors,Detroit Pistons,0.756625644896
Memphis Grizzlies,Brooklyn Nets,0.677216023231
Charlotte Hornets,Philadelphia 76ers,0.941873441391
Boston Celtics,Dallas Mavericks,0.515939103109
Golden State Warriors,Denver Nuggets,0.894270996144
San Antonio Spurs,Indiana Pacers,0.721392566659
Miami Heat,Orlando Magic,0.776718447561
Detroit Pistons,Milwaukee Bucks,0.627411485472
New Orleans Pelicans,Phoenix Suns,0.518329605169
Atlanta Hawks,Portland Trail Blazers,0.511785001663
Los Angeles Clippers,Utah Jazz,0.557309371336
Oklahoma City Thunder,Washington Wizards,0.703384533257
Toronto Raptors,Chicago Bulls,0.622338312754
Sacramento Kings,Los Angeles Lakers,0.652384944188
Cleveland Cavaliers,Minnesota Timberwolves,0.841806156277
Boston Celtics,Philadelphia 76ers,0.94311250852
Milwaukee Bucks,Brooklyn Nets,0.606698587197
Cleveland Cavaliers,Indiana Pacers,0.802857844187
Denver Nuggets,Minnesota Timberwolves,0.564002718031
Detroit Pistons,Dallas Mavericks,0.609483841048
Golden State Warriors,Sacramento Kings,0.939466809184
Miami Heat,Houston Rockets,0.503956888697
Los Angeles Clippers,Atlanta Hawks,0.640833509308
Memphis Grizzlies,New Orleans Pelicans,0.670489673065
Oklahoma City Thunder,New York Knicks,0.905813116438
San Antonio Spurs,Orlando Magic,0.836969780929
Phoenix Suns,Los Angeles Lakers,0.674106088894
Toronto Raptors,Charlotte Hornets,0.683528748417
Portland Trail Blazers,Utah Jazz,0.612690303357
Boston Celtics,Chicago Bulls,0.52719675363
Indiana Pacers,Washington Wizards,0.649165281543
Cleveland Cavaliers,New York Knicks,0.919158853631
Charlotte Hornets,Detroit Pistons,0.51487328919
Golden State Warriors,Los Angeles Clippers,0.827395938278
Houston Rockets,New Orleans Pelicans,0.625202734886
Portland Trail Blazers,Orlando Magic,0.721587978946
Sacramento Kings,Denver Nuggets,0.588482307618
Atlanta Hawks,Miami Heat,0.595226152853
Chicago Bulls,Phoenix Suns,0.818535319054
Denver Nuggets,Brooklyn Nets,0.745035554577
Indiana Pacers,Memphis Grizzlies,0.728162406339
San Antonio Spurs,Los Angeles Clippers,0.62307404243
Utah Jazz,Milwaukee Bucks,0.61316028319
Dallas Mavericks,Minnesota Timberwolves,0.580578569303
Oklahoma City Thunder,Los Angeles Lakers,0.956308843425
Washington Wizards,Philadelphia 76ers,0.843095372405
Toronto Raptors,Boston Celtics,0.686360531895
Cleveland Cavaliers,Chicago Bulls,0.865298638279
Dallas Mavericks,New Orleans Pelicans,0.759734996551
Golden State Warriors,Brooklyn Nets,0.973665529874
Houston Rockets,Minnesota Timberwolves,0.728451550746
Miami Heat,Indiana Pacers,0.632838424788
New York Knicks,Philadelphia 76ers,0.84412124065
Atlanta Hawks,Orlando Magic,0.635121559477
Charlotte Hornets,Sacramento Kings,0.658128278701
Denver Nuggets,Memphis Grizzlies,0.51355042205
Boston Celtics,Detroit Pistons,0.511594949247
Los Angeles Clippers,Charlotte Hornets,0.643486277132
San Antonio Spurs,Los Angeles Lakers,0.937979466211
Milwaukee Bucks,Phoenix Suns,0.677676240789
Oklahoma City Thunder,New Orleans Pelicans,0.907691498293
Toronto Raptors,Portland Trail Blazers,0.589135307615
Washington Wizards,Utah Jazz,0.571549418727
Boston Celtics,Atlanta Hawks,0.584939403311
Cleveland Cavaliers,Milwaukee Bucks,0.91499176706
Miami Heat,Dallas Mavericks,0.508185890682
Houston Rockets,Indiana Pacers,0.529767073073
Toronto Raptors,New York Knicks,0.757997568868
Golden State Warriors,Philadelphia 76ers,0.970711641226
Sacramento Kings,Minnesota Timberwolves,0.596715523874
Chicago Bulls,Denver Nuggets,0.709022648776
Portland Trail Blazers,Detroit Pistons,0.615183757467
Charlotte Hornets,Los Angeles Lakers,0.835224688264
Memphis Grizzlies,Phoenix Suns,0.752268050101
Oklahoma City Thunder,Utah Jazz,0.8149324026
Golden State Warriors,Washington Wizards,0.814928488669
Atlanta Hawks,Dallas Mavericks,0.699751032358
Cleveland Cavaliers,Boston Celtics,0.619469667738
Los Angeles Clippers,Houston Rockets,0.728780639732
Miami Heat,Philadelphia 76ers,0.943678218068
Milwaukee Bucks,Denver Nuggets,0.531782011862
Detroit Pistons,New Orleans Pelicans,0.633062149004
Orlando Magic,New York Knicks,0.659979698211
Sacramento Kings,Brooklyn Nets,0.769711527863
San Antonio Spurs,Indiana Pacers,0.83645032328
Toronto Raptors,Washington Wizards,0.776197599368
Utah Jazz,Minnesota Timberwolves,0.730620295183
Golden State Warriors,Chicago Bulls,0.812723861664
Charlotte Hornets,Phoenix Suns,0.786083808325
Oklahoma City Thunder,Portland Trail Blazers,0.681897046468
Cleveland Cavaliers,Atlanta Hawks,0.62256910089
Dallas Mavericks,Memphis Grizzlies,0.682796608677
Boston Celtics,Los Angeles Lakers,0.833410744634
Los Angeles Clippers,Milwaukee Bucks,0.743953257965
San Antonio Spurs,New Orleans Pelicans,0.881085733419
Miami Heat,Orlando Magic,0.622119384087
New York Knicks,Philadelphia 76ers,0.720941719254
Oklahoma City Thunder,Phoenix Suns,0.883744567248
Utah Jazz,Brooklyn Nets,0.859682658964
Toronto Raptors,Washington Wizards,0.625752115573
Los Angeles Clippers,Chicago Bulls,0.575243126048
Charlotte Hornets,Denver Nuggets,0.687689491261
Houston Rockets,Memphis Grizzlies,0.68644954673
Cleveland Cavaliers,Miami Heat,0.616969285292
Toronto Raptors,Milwaukee Bucks,0.779512449536
Detroit Pistons,Philadelphia 76ers,0.857027505046
Portland Trail Blazers,Brooklyn Nets,0.861289651294
San Antonio Spurs,Minnesota Timberwolves,0.924115290935
Atlanta Hawks,Indiana Pacers,0.627299760069
Oklahoma City Thunder,Dallas Mavericks,0.690786710726
New Orleans Pelicans,Los Angeles Lakers,0.597483400883
Golden State Warriors,New York Knicks,0.8918765921
Boston Celtics,Phoenix Suns,0.783868880234
Utah Jazz,Sacramento Kings,0.557302322092
Washington Wizards,Orlando Magic,0.678056504939
Golden State Warriors,Atlanta Hawks,0.731909315611
Charlotte Hornets,Indiana Pacers,0.625030902251
Cleveland Cavaliers,Miami Heat,0.780608415712
Denver Nuggets,Sacramento Kings,0.550883093076
Detroit Pistons,Chicago Bulls,0.640018047046
Los Angeles Clippers,Boston Celtics,0.646491054142
Memphis Grizzlies,Brooklyn Nets,0.793133866681
Orlando Magic,New York Knicks,0.659979698211
Milwaukee Bucks,Philadelphia 76ers,0.731833226813
San Antonio Spurs,Houston Rockets,0.86421818182
Utah Jazz,New Orleans Pelicans,0.764792637114
Dallas Mavericks,Los Angeles Lakers,0.875598572274
Oklahoma City Thunder,Portland Trail Blazers,0.656558753077
Washington Wizards,Phoenix Suns,0.695904747193
Atlanta Hawks,Brooklyn Nets,0.900528094637
Washington Wizards,Denver Nuggets,0.578283808142
Golden State Warriors,Boston Celtics,0.853417989062
Houston Rockets,Utah Jazz,0.590192567323
Indiana Pacers,Detroit Pistons,0.623867450322
Miami Heat,Charlotte Hornets,0.590303904585
Milwaukee Bucks,New York Knicks,0.579458803364
Los Angeles Clippers,Minnesota Timberwolves,0.733227828859
Toronto Raptors,New Orleans Pelicans,0.783651787038
Orlando Magic,Chicago Bulls,0.523045000948
San Antonio Spurs,Sacramento Kings,0.920300575368
Cleveland Cavaliers,Detroit Pistons,0.711244638435
Los Angeles Clippers,Memphis Grizzlies,0.667962905276
San Antonio Spurs,Oklahoma City Thunder,0.50887508185
Phoenix Suns,Los Angeles Lakers,0.674106088894
Portland Trail Blazers,Philadelphia 76ers,0.918180442686
Toronto Raptors,Atlanta Hawks,0.509001326396
Chicago Bulls,Houston Rockets,0.568540714521
Charlotte Hornets,Orlando Magic,0.770862672421
Dallas Mavericks,Brooklyn Nets,0.856282000023
Boston Celtics,Denver Nuggets,0.684864197498
Indiana Pacers,Milwaukee Bucks,0.669553912907
Golden State Warriors,Minnesota Timberwolves,0.898036227174
Washington Wizards,Sacramento Kings,0.545215385961
Charlotte Hornets,New Orleans Pelicans,0.826338142644
Dallas Mavericks,Phoenix Suns,0.825140658347
Detroit Pistons,New York Knicks,0.758852905964
Los Angeles Clippers,Philadelphia 76ers,0.95452321606
Atlanta Hawks,Memphis Grizzlies,0.629313191916
Toronto Raptors,Miami Heat,0.503061494881
Milwaukee Bucks,Minnesota Timberwolves,0.540263407505
Oklahoma City Thunder,Utah Jazz,0.8149324026
Cleveland Cavaliers,Orlando Magic,0.799734167106
Portland Trail Blazers,Washington Wizards,0.60778305403
Sacramento Kings,Denver Nuggets,0.588482307618
San Antonio Spurs,Golden State Warriors,0.526741700644
Boston Celtics,Chicago Bulls,0.729005202635
New York Knicks,Brooklyn Nets,0.593547434755
Cleveland Cavaliers,Houston Rockets,0.711341423479
Indiana Pacers,Miami Heat,0.54634631966
Los Angeles Lakers,Philadelphia 76ers,0.696431904237
Portland Trail Blazers,Phoenix Suns,0.846981947495
Charlotte Hornets,Chicago Bulls,0.724465118152
Denver Nuggets,Los Angeles Lakers,0.775382099103
Memphis Grizzlies,Milwaukee Bucks,0.653255118022
Washington Wizards,Minnesota Timberwolves,0.588119144687
Sacramento Kings,Orlando Magic,0.556373850616
San Antonio Spurs,Atlanta Hawks,0.808658164926
Toronto Raptors,Dallas Mavericks,0.781544560625
Los Angeles Clippers,Utah Jazz,0.557309371336
Oklahoma City Thunder,Brooklyn Nets,0.909821769385
Cleveland Cavaliers,Detroit Pistons,0.830516580943
Golden State Warriors,Philadelphia 76ers,0.985255397636
Portland Trail Blazers,New Orleans Pelicans,0.78905722597
Indiana Pacers,New York Knicks,0.642233900268
Boston Celtics,Minnesota Timberwolves,0.802404466306
Chicago Bulls,Memphis Grizzlies,0.672945467065
Detroit Pistons,Utah Jazz,0.590306554903
Houston Rockets,Los Angeles Lakers,0.877429763039
Indiana Pacers,Charlotte Hornets,0.535381972457
Los Angeles Clippers,Milwaukee Bucks,0.850894445958
Miami Heat,New Orleans Pelicans,0.831086854109
Sacramento Kings,Phoenix Suns,0.576372644069
San Antonio Spurs,Portland Trail Blazers,0.739469807776
Washington Wizards,Dallas Mavericks,0.590996368185
Atlanta Hawks,Memphis Grizzlies,0.765848000946
Cleveland Cavaliers,Utah Jazz,0.838864670585
Los Angeles Clippers,Denver Nuggets,0.725238724473
Golden State Warriors,Orlando Magic,0.932765311667
New York Knicks,Brooklyn Nets,0.749769420053
Toronto Raptors,Oklahoma City Thunder,0.510782608044
Boston Celtics,Brooklyn Nets,0.827988635183
Toronto Raptors,Detroit Pistons,0.607538877808
Milwaukee Bucks,Los Angeles Lakers,0.615859937789
Miami Heat,Minnesota Timberwolves,0.804078747897
Houston Rockets,New Orleans Pelicans,0.625202734886
Dallas Mavericks,Philadelphia 76ers,0.838944485931
Orlando Magic,Phoenix Suns,0.603496784305
Washington Wizards,Chicago Bulls,0.622079777692
Portland Trail Blazers,Atlanta Hawks,0.517039797283
Chicago Bulls,Utah Jazz,0.575108877647
Charlotte Hornets,Washington Wizards,0.691122746786
Houston Rockets,Denver Nuggets,0.596625121772
Golden State Warriors,Milwaukee Bucks,0.947829004942
Cleveland Cavaliers,Los Angeles Clippers,0.562520550261
San Antonio Spurs,Memphis Grizzlies,0.833532384335
Oklahoma City Thunder,Sacramento Kings,0.886070773733
Dallas Mavericks,Brooklyn Nets,0.746476511814
Detroit Pistons,Phoenix Suns,0.827635566674
Cleveland Cavaliers,Los Angeles Lakers,0.921654643636
Portland Trail Blazers,Miami Heat,0.511103806866
New Orleans Pelicans,Minnesota Timberwolves,0.534235092265
Boston Celtics,Philadelphia 76ers,0.894911937049
San Antonio Spurs,Sacramento Kings,0.920300575368
Toronto Raptors,Indiana Pacers,0.720959814392
Boston Celtics,Washington Wizards,0.695981674643
Charlotte Hornets,Atlanta Hawks,0.579378321949
Houston Rockets,Denver Nuggets,0.721653247935
Indiana Pacers,Utah Jazz,0.637957106011
Los Angeles Clippers,New York Knicks,0.857714970415
Golden State Warriors,Oklahoma City Thunder,0.571543063765
Orlando Magic,Philadelphia 76ers,0.871106101852
Detroit Pistons,Brooklyn Nets,0.772121617686
Golden State Warriors,Dallas Mavericks,0.805759890584
Los Angeles Clippers,Los Angeles Lakers,0.858680875626
Miami Heat,Phoenix Suns,0.880133443695
San Antonio Spurs,Minnesota Timberwolves,0.872466733997
Memphis Grizzlies,New Orleans Pelicans,0.516507279885
Portland Trail Blazers,Milwaukee Bucks,0.753153287824
Toronto Raptors,Chicago Bulls,0.802974453152
Boston Celtics,Indiana Pacers,0.630373471071
Chicago Bulls,Detroit Pistons,0.560259278181
Cleveland Cavaliers,Denver Nuggets,0.836342912918
Oklahoma City Thunder,Philadelphia 76ers,0.971002587953
Charlotte Hornets,Orlando Magic,0.632442102711
Sacramento Kings,Milwaukee Bucks,0.621552109636
Utah Jazz,New York Knicks,0.76077279069
Atlanta Hawks,Washington Wizards,0.536960529632
Brooklyn Nets,Phoenix Suns,0.510976016646
Los Angeles Clippers,Dallas Mavericks,0.564183769185
Toronto Raptors,Miami Heat,0.503061494881
Portland Trail Blazers,New York Knicks,0.763200532329
San Antonio Spurs,Memphis Grizzlies,0.90857957381
Boston Celtics,Phoenix Suns,0.879011306115
Chicago Bulls,Philadelphia 76ers,0.911449643017
Cleveland Cavaliers,Charlotte Hornets,0.624843913763
Golden State Warriors,Sacramento Kings,0.939466809184
Houston Rockets,New Orleans Pelicans,0.762809695393
Indiana Pacers,Denver Nuggets,0.760318044843
Minnesota Timberwolves,Los Angeles Lakers,0.640228356737
Atlanta Hawks,Milwaukee Bucks,0.710312812419
Detroit Pistons,Orlando Magic,0.544501022256
Washington Wizards,Brooklyn Nets,0.848781935296
Cleveland Cavaliers,Washington Wizards,0.845360767132
Toronto Raptors,Dallas Mavericks,0.611677403794
Los Angeles Clippers,Utah Jazz,0.734050519127
Portland Trail Blazers,Minnesota Timberwolves,0.733246739766
San Antonio Spurs,New York Knicks,0.93454951132
Atlanta Hawks,Brooklyn Nets,0.900528094637
Boston Celtics,Miami Heat,0.598395033311
Charlotte Hornets,Phoenix Suns,0.87655879299
Denver Nuggets,New Orleans Pelicans,0.607970271231
Golden State Warriors,Memphis Grizzlies,0.930351171723
Oklahoma City Thunder,Houston Rockets,0.687161273866
Indiana Pacers,Philadelphia 76ers,0.930555049852
Los Angeles Clippers,Sacramento Kings,0.829785363349
Portland Trail Blazers,Los Angeles Lakers,0.884194228656
Chicago Bulls,Milwaukee Bucks,0.562276493481
Oklahoma City Thunder,Dallas Mavericks,0.690786710726
Detroit Pistons,New York Knicks,0.598695576452
Sacramento Kings,Memphis Grizzlies,0.547008302647
San Antonio Spurs,Cleveland Cavaliers,0.648153640953
Toronto Raptors,Orlando Magic,0.839088121015
Utah Jazz,New Orleans Pelicans,0.764792637114
Atlanta Hawks,Phoenix Suns,0.877603742503
Brooklyn Nets,Philadelphia 76ers,0.704521040237
Charlotte Hornets,Milwaukee Bucks,0.815005962956
Miami Heat,Detroit Pistons,0.503839069504
Golden State Warriors,Houston Rockets,0.803098239598
Indiana Pacers,Minnesota Timberwolves,0.766477587595
Washington Wizards,Los Angeles Lakers,0.759421530152
Portland Trail Blazers,Denver Nuggets,0.726523417008
Boston Celtics,Milwaukee Bucks,0.818428080884
Los Angeles Clippers,Washington Wizards,0.743480005814
Indiana Pacers,Memphis Grizzlies,0.58383483707
Dallas Mavericks,New Orleans Pelicans,0.599877277058
Miami Heat,New York Knicks,0.672631304767
Oklahoma City Thunder,Orlando Magic,0.780675468779
Atlanta Hawks,Philadelphia 76ers,0.89720923219
Utah Jazz,Sacramento Kings,0.557302322092
San Antonio Spurs,Golden State Warriors,0.526741700644
Toronto Raptors,Charlotte Hornets,0.683528748417
Cleveland Cavaliers,Chicago Bulls,0.723910563832
Detroit Pistons,Brooklyn Nets,0.858408825955
Minnesota Timberwolves,Los Angeles Lakers,0.768256405548
Los Angeles Clippers,Phoenix Suns,0.814985759851
Portland Trail Blazers,Houston Rockets,0.589600099226
Boston Celtics,Orlando Magic,0.774875815741
Charlotte Hornets,Denver Nuggets,0.793216742257
Cleveland Cavaliers,Philadelphia 76ers,0.975362592089
Golden State Warriors,Houston Rockets,0.895337386857
Dallas Mavericks,Memphis Grizzlies,0.503268304233
Miami Heat,New York Knicks,0.827945126117
Detroit Pistons,Milwaukee Bucks,0.627411485472
New Orleans Pelicans,Sacramento Kings,0.52098049838
San Antonio Spurs,Oklahoma City Thunder,0.50887508185
Toronto Raptors,Indiana Pacers,0.720959814392
Utah Jazz,Washington Wizards,0.604587455158
Orlando Magic,Brooklyn Nets,0.668883347364
Atlanta Hawks,Chicago Bulls,0.533340806389
Los Angeles Clippers,Los Angeles Lakers,0.93206319413
Minnesota Timberwolves,Sacramento Kings,0.540852767103
Portland Trail Blazers,Phoenix Suns,0.831019254263
Atlanta Hawks,Brooklyn Nets,0.831473413713
Cleveland Cavaliers,Indiana Pacers,0.802857844187
Golden State Warriors,Washington Wizards,0.902220946895
Memphis Grizzlies,Los Angeles Lakers,0.685586033146
Miami Heat,Denver Nuggets,0.798650459649
Dallas Mavericks,Milwaukee Bucks,0.594043285754
Chicago Bulls,New Orleans Pelicans,0.568235195065
Boston Celtics,New York Knicks,0.679427447479
Oklahoma City Thunder,Charlotte Hornets,0.742239384291
Houston Rockets,Phoenix Suns,0.711680991827
San Antonio Spurs,Utah Jazz,0.867335511877
Toronto Raptors,Philadelphia 76ers,0.961709785324
Cleveland Cavaliers,Orlando Magic,0.891531779667
Golden State Warriors,Minnesota Timberwolves,0.942421551385
Toronto Raptors,Indiana Pacers,0.558654484976
New Orleans Pelicans,Denver Nuggets,0.525740109867
Chicago Bulls,New York Knicks,0.532282838592
Oklahoma City Thunder,Milwaukee Bucks,0.901032173075
Brooklyn Nets,Philadelphia 76ers,0.572828766719
Dallas Mavericks,Sacramento Kings,0.537507029476
San Antonio Spurs,Memphis Grizzlies,0.90857957381
Portland Trail Blazers,Utah Jazz,0.612690303357
Charlotte Hornets,Washington Wizards,0.534089025511
Cleveland Cavaliers,Boston Celtics,0.619469667738
Charlotte Hornets,Miami Heat,0.592888759634
Toronto Raptors,Detroit Pistons,0.607538877808
Houston Rockets,Denver Nuggets,0.721653247935
Los Angeles Clippers,Dallas Mavericks,0.749356226442
Oklahoma City Thunder,Memphis Grizzlies,0.776368278632
Golden State Warriors,Phoenix Suns,0.933842479776
San Antonio Spurs,Los Angeles Lakers,0.970146753916
Atlanta Hawks,Boston Celtics,0.587728108841
Indiana Pacers,Milwaukee Bucks,0.784632651828
Washington Wizards,New York Knicks,0.5721570036
Orlando Magic,Brooklyn Nets,0.789005214258
Chicago Bulls,Philadelphia 76ers,0.82055262211
Portland Trail Blazers,Minnesota Timberwolves,0.733246739766
Cleveland Cavaliers,Atlanta Hawks,0.770920647807
San Antonio Spurs,Dallas Mavericks,0.76315318257
Denver Nuggets,New Orleans Pelicans,0.607970271231
Houston Rockets,Detroit Pistons,0.575481003229
Sacramento Kings,Los Angeles Lakers,0.652384944188
Memphis Grizzlies,New York Knicks,0.665562909525
Oklahoma City Thunder,Phoenix Suns,0.883744567248
Toronto Raptors,Miami Heat,0.69300174308
Utah Jazz,Minnesota Timberwolves,0.730620295183
Chicago Bulls,Brooklyn Nets,0.721036395353
Charlotte Hornets,Boston Celtics,0.585377578142
Golden State Warriors,New Orleans Pelicans,0.95150893797
Indiana Pacers,Orlando Magic,0.589891423371
Milwaukee Bucks,Philadelphia 76ers,0.731833226813
Portland Trail Blazers,Utah Jazz,0.596075438269
San Antonio Spurs,Los Angeles Clippers,0.781016574862
Miami Heat,Washington Wizards,0.523087029343
Cleveland Cavaliers,Atlanta Hawks,0.62256910089
Oklahoma City Thunder,Denver Nuggets,0.819983941037
Minnesota Timberwolves,Los Angeles Lakers,0.640228356737
Detroit Pistons,Memphis Grizzlies,0.538298764058
Toronto Raptors,New York Knicks,0.757997568868
Dallas Mavericks,Phoenix Suns,0.689294972882
Houston Rockets,Sacramento Kings,0.563910341993
Boston Celtics,Brooklyn Nets,0.90170155571
Chicago Bulls,Orlando Magic,0.681224636276
Detroit Pistons,Washington Wizards,0.6020697537
Golden State Warriors,Utah Jazz,0.897824738462
Los Angeles Clippers,Houston Rockets,0.728780639732
Cleveland Cavaliers,Miami Heat,0.616969285292
Charlotte Hornets,Milwaukee Bucks,0.707931598776
Indiana Pacers,Philadelphia 76ers,0.878238923372
San Antonio Spurs,Portland Trail Blazers,0.755607952748
Atlanta Hawks,Charlotte Hornets,0.584544834255
Dallas Mavericks,Denver Nuggets,0.71824210015
New Orleans Pelicans,Los Angeles Lakers,0.597483400883
Oklahoma City Thunder,Minnesota Timberwolves,0.825879589975
Sacramento Kings,Phoenix Suns,0.725818227554
Boston Celtics,Milwaukee Bucks,0.818428080884
Chicago Bulls,Brooklyn Nets,0.850640093561
Cleveland Cavaliers,Toronto Raptors,0.70006204649
Golden State Warriors,Los Angeles Lakers,0.977617442912
Houston Rockets,Minnesota Timberwolves,0.728451550746
Indiana Pacers,Atlanta Hawks,0.532509201836
Los Angeles Clippers,Sacramento Kings,0.829785363349
Dallas Mavericks,Memphis Grizzlies,0.503268304233
Miami Heat,Washington Wizards,0.698218561133
New York Knicks,Philadelphia 76ers,0.84412124065
Oklahoma City Thunder,Denver Nuggets,0.887982769315
Detroit Pistons,Orlando Magic,0.544501022256
Portland Trail Blazers,New Orleans Pelicans,0.767192068001
San Antonio Spurs,Utah Jazz,0.758071440648
